{
    "LogisticRegression": {
        "accuracy": 0.8009950248756219,
        "precision": 0.6450617283950617,
        "recall": 0.5588235294117647,
        "f1_score": 0.5988538681948424,
        "roc_auc": 0.8366369693173406
    },
    "RandomForest": {
        "accuracy": 0.7746979388770433,
        "precision": 0.5899053627760252,
        "recall": 0.5,
        "f1_score": 0.5412445730824892,
        "roc_auc": 0.8060474916007061
    },
    "XGBoost": {
        "accuracy": 0.7775408670931059,
        "precision": 0.5894428152492669,
        "recall": 0.5374331550802139,
        "f1_score": 0.5622377622377622,
        "roc_auc": 0.8173160049903972
    },
    "LightGBM": {
        "accuracy": 0.7825159914712153,
        "precision": 0.6069182389937107,
        "recall": 0.516042780748663,
        "f1_score": 0.5578034682080925,
        "roc_auc": 0.8283502699680595
    },
    "CatBoost": {
        "accuracy": 0.8038379530916845,
        "precision": 0.6601307189542484,
        "recall": 0.5401069518716578,
        "f1_score": 0.5941176470588235,
        "roc_auc": 0.8389470986845851
    }
}